college_name,academic_program_name,year,round,historical_final_closing_rank,predicted_closing_rank
"School of Planning & Architecture, New Delhi","Architecture (5 Years, Bachelor of Architecture)",2025,6,238,222
"National Institute of Technology, Tiruchirappalli","Architecture (5 Years, Bachelor of Architecture)",2025,6,404,249
"School of Planning & Architecture, New Delhi","Planning (4 Years, Bachelor of Planning)",2025,6,435,337
National Institute of Technology Calicut,"Architecture (5 Years, Bachelor of Architecture)",2025,6,466,379
"School of Planning & Architecture, Bhopal","Architecture (5 Years, Bachelor of Architecture)",2025,6,754,519
"National Institute of Technology, Rourkela","Architecture (5 Years, Bachelor of Architecture)",2025,6,716,604
Maulana Azad National Institute of Technology Bhopal,"Planning (4 Years, Bachelor of Planning)",2025,6,781,697
School of Planning & Architecture: Vijayawada,"Architecture (5 Years, Bachelor of Architecture)",2025,6,798,702
Malaviya National Institute of Technology Jaipur,"Architecture (5 Years, Bachelor of Architecture)",2025,6,926,871
"School of Planning & Architecture, Bhopal","Planning (4 Years, Bachelor of Planning)",2025,6,1093,912
"Visvesvaraya National Institute of Technology, Nagpur","Architecture (5 Years, Bachelor of Architecture)",2025,6,1002,917
School of Planning & Architecture: Vijayawada,"Planning (4 Years, Bachelor of Planning)",2025,6,1039,928
"Indian Institute of Engineering Science and Technology, Shibpur","Architecture, Town and Regional Planning (5 Years, Bachelor of Architecture)",2025,6,1105,1116
"Indian Institute of Engineering Science and Technology, Shibpur","Architecture (5 Years, Bachelor of Architecture)",2025,6,1576,1137
"National Institute of Technology, Tiruchirappalli","Computer Science and Engineering (4 Years, Bachelor of Technology)",2025,6,1224,1284
Maulana Azad National Institute of Technology Bhopal,"Architecture (5 Years, Bachelor of Architecture)",2025,6,1469,1317
National Institute of Technology Raipur,"Architecture (5 Years, Bachelor of Architecture)",2025,6,1538,1328
"Birla Institute of Technology, Mesra, Ranchi","Architecture (5 Years, Bachelor of Architecture)",2025,6,1667,1329
National Institute of Technology Hamirpur,"Architecture (5 Years, Bachelor of Architecture)",2025,6,1616,1397
National Institute of Technology Patna,"Architecture (5 Years, Bachelor of Architecture)",2025,6,1687,1414
"National Institute of Technology, Kurukshetra","Architecture and Planning (5 Years, Bachelor of Architecture)",2025,6,1605,1597
"Mizoram University, Aizawl","Architecture (5 Years, Bachelor of Architecture)",2025,6,1863,1662
"Shri Mata Vaishno Devi University, Katra, Jammu & Kashmir","Architecture (5 Years, Bachelor of Architecture)",2025,6,1857,1673
"National Institute of Technology Karnataka, Surathkal","Computer Science and Engineering (4 Years, Bachelor of Technology)",2025,6,1615,1885
"National Institute of Technology, Warangal","Computer Science and Engineering (4 Years, Bachelor of Technology)",2025,6,2186,2354
"National Institute of Technology Karnataka, Surathkal","Artificial Intelligence (4 Years, Bachelor of Technology)",2025,6,2594,2904
"National Institute of Technology, Warangal","Computer Science and Engineering ( Artificial Intelligence & Data Science) (4 Years, Bachelor of Technology)",2025,6,2948,2944
"National Institute of Technology Karnataka, Surathkal","Information Technology (4 Years, Bachelor of Technology)",2025,6,2944,3047
"National Institute of Technology, Rourkela","Computer Science and Engineering (4 Years, Bachelor of Technology)",2025,6,2940,3336
"National Institute of Technology Karnataka, Surathkal","Computational and Data Science (4 Years, Bachelor of Technology)",2025,6,3348,3746
"National Institute of Technology, Warangal","Mathematics and Computing (4 Years, Bachelor of Technology)",2025,6,3436,3984
"National Institute of Technology, Tiruchirappalli","Electronics and Communication Engineering (4 Years, Bachelor of Technology)",2025,6,3546,4080
"National Institute of Technology, Rourkela","Artificial Intelligence (4 Years, Bachelor of Technology)",2025,6,3983,4106
Motilal Nehru National Institute of Technology Allahabad,"Information Technology (4 Years, Bachelor of Technology)",2025,6,4119,4157
Motilal Nehru National Institute of Technology Allahabad,"Computer Science and Engineering (4 Years, Bachelor of Technology)",2025,6,4191,4952
Malaviya National Institute of Technology Jaipur,"Computer Science and Engineering (4 Years, Bachelor of Technology)",2025,6,4711,5041
"National Institute of Technology Karnataka, Surathkal","Electronics and Communication Engineering (4 Years, Bachelor of Technology)",2025,6,4227,5054
National Institute of Technology Calicut,"Computer Science and Engineering (4 Years, Bachelor of Technology)",2025,6,4482,5062
"Indian Institute of Information Technology, Allahabad","Information Technology (4 Years, Bachelor of Technology)",2025,6,5202,5471
"National Institute of Technology, Warangal","Electronics and Communication Engineering (4 Years, Bachelor of Technology)",2025,6,5014,5542
"Indian Institute of Information Technology, Allahabad","Information Technology (Under Flexible Academic Program) (4 Years, Bachelor of Technology)",2025,6,5704,5691
"Indian Institute of Information Technology, Allahabad","Information Technology-Business Informatics (4 Years, Bachelor of Technology)",2025,6,5392,5694
"National Institute of Technology, Kurukshetra","Computer Science and Engineering (4 Years, Bachelor of Technology)",2025,6,6000,6592
"Visvesvaraya National Institute of Technology, Nagpur","Computer Science and Engineering (4 Years, Bachelor of Technology)",2025,6,5795,6649
Malaviya National Institute of Technology Jaipur,"Artificial Intelligence and Data Engineering (4 Years, Bachelor of Technology)",2025,6,5514,6705
"National Institute of Technology, Tiruchirappalli","Electrical and Electronics Engineering (4 Years, Bachelor of Technology)",2025,6,6040,6726
"National Institute of Technology, Rourkela","Electronics and Communication Engineering (4 Years, Bachelor of Technology)",2025,6,5721,6768
"National Institute of Technology, Warangal","Electronics and Communication Engineering (VLSI Design and Technology) (4 Years, Bachelor of Technology)",2025,6,5678,6807
"Sardar Vallabhbhai National Institute of Technology, Surat","Computer Science and Engineering (4 Years, Bachelor of Technology)",2025,6,7113,7436
"National Institute of Technology Karnataka, Surathkal","Electrical and Electronics Engineering (4 Years, Bachelor of Technology)",2025,6,7132,7484
"National Institute of Technology, Kurukshetra","Computer Engineering (4 Years, Bachelor of Technology)",2025,6,7401,7517
"National Institute of Technology, Kurukshetra","Computer Science and Engineering (5 Years, Bachelor and Master of Technology (Dual Degree))",2025,6,7717,7870
"National Institute of Technology, Kurukshetra","Artificial Intelligence and Data Science (4 Years, Bachelor of Technology)",2025,6,7485,7958
Atal Bihari Vajpayee Indian Institute of Information Technology & Management Gwalior,"Computer Science and Engineering (4 Years, Bachelor of Technology)",2025,6,8044,8085
"National Institute of Technology, Kurukshetra","Information Technology (4 Years, Bachelor of Technology)",2025,6,7512,8442
"National Institute of Technology, Jamshedpur","Computer Science and Engineering (4 Years, Bachelor of Technology)",2025,6,7944,8461
Motilal Nehru National Institute of Technology Allahabad,"Electronics and Communication Engineering (4 Years, Bachelor of Technology)",2025,6,7707,8498
"Indian Institute of Information Technology, Allahabad","Electronics and Communication Engineering (4 Years, Bachelor of Technology)",2025,6,7758,8511
National Institute of Technology Calicut,"Electronics and Communication Engineering (4 Years, Bachelor of Technology)",2025,6,7433,8515
"National Institute of Technology, Warangal","Electrical and Electronics Engineering (4 Years, Bachelor of Technology)",2025,6,7851,8543
"National Institute of Technology, Kurukshetra","Artificial Intelligence and Machine Learning (4 Years, Bachelor of Technology)",2025,6,8432,8611
National Institute of Technology Delhi,"Computer Science and Engineering (4 Years, Bachelor of Technology)",2025,6,8018,8636
National Institute of Technology Delhi,"Artificial Intelligence and Data Science (4 Years, Bachelor of Technology)",2025,6,8572,9109
Maulana Azad National Institute of Technology Bhopal,"Computer Science and Engineering (4 Years, Bachelor of Technology)",2025,6,8830,9119
Malaviya National Institute of Technology Jaipur,"Electronics and Communication Engineering (4 Years, Bachelor of Technology)",2025,6,8437,9139
National Institute of Technology Durgapur,"Computer Science and Engineering (4 Years, Bachelor of Technology)",2025,6,8765,9246
"Sardar Vallabhbhai National Institute of Technology, Surat","Artificial Intelligence (4 Years, Bachelor of Technology)",2025,6,9454,9528
Indian Institute of Information Technology Lucknow,"Computer Science and Artificial Intelligence (4 Years, Bachelor of Technology)",2025,6,9384,9693
"Sardar Vallabhbhai National Institute of Technology, Surat","Mathematics and Computing (4 Years, Bachelor of Technology)",2025,6,9746,9802
Indian Institute of Information Technology Lucknow,"Computer Science (4 Years, Bachelor of Technology)",2025,6,9824,9827
"National Institute of Technology, Tiruchirappalli","Mechanical Engineering (4 Years, Bachelor of Technology)",2025,6,9305,10048
"National Institute of Technology, Kurukshetra","Mathematics and Computing (4 Years, Bachelor of Technology)",2025,6,9556,10070
"Indian Institute of Information Technology, Allahabad","Electronics and Communication Engineering (Under Flexible Academic Program) (4 Years, Bachelor of Technology)",2025,6,10233,10166
"Visvesvaraya National Institute of Technology, Nagpur","Electronics and Communication Engineering (4 Years, Bachelor of Technology)",2025,6,9858,10568
Atal Bihari Vajpayee Indian Institute of Information Technology & Management Gwalior,"Mathematics and Scientific Computing (4 Years, Bachelor of Technology)",2025,6,11180,10751
"National Institute of Technology, Rourkela","Electrical Engineering (4 Years, Bachelor of Technology)",2025,6,10462,10884
"Dr. B R Ambedkar National Institute of Technology, Jalandhar","Computer Science and Engineering (4 Years, Bachelor of Technology)",2025,6,10957,10893
"National Institute of Technology, Rourkela","Electronics and Instrumentation Engineering (4 Years, Bachelor of Technology)",2025,6,10785,11236
"Punjab Engineering College, Chandigarh","Computer Science and Engineering (4 Years, Bachelor of Technology)",2025,6,10498,11289
Indian Institute of Information Technology Lucknow,"Computer Science and Business (4 Years, Bachelor of Technology)",2025,6,11380,11647
Indian Institute of Information Technology Lucknow,"Information Technology (4 Years, Bachelor of Technology)",2025,6,11494,11728
Motilal Nehru National Institute of Technology Allahabad,"Electrical Engineering (4 Years, Bachelor of Technology)",2025,6,10928,11788
"Punjab Engineering College, Chandigarh","Computer Science Engineering (Artificial Intelligence) (4 Years, B. Tech / B. Tech (Hons.))",2025,6,11603,11959
"National Institute of Technology, Kurukshetra","ROBOTICS & AUTOMATION (4 Years, Bachelor of Technology)",2025,6,11581,12005
"National Institute of Technology, Silchar","Computer Science and Engineering (4 Years, Bachelor of Technology)",2025,6,11930,12166
National Institute of Technology Goa,"Computer Science and Engineering (4 Years, Bachelor of Technology)",2025,6,12511,12222
Motilal Nehru National Institute of Technology Allahabad,"Engineering and Computational Mechanics (4 Years, Bachelor of Technology)",2025,6,11650,12242
National Institute of Technology Durgapur,"B.Tech in Mathematics and Computing (4 Years, Bachelor of Technology)",2025,6,12077,12321
"National Institute of Technology, Kurukshetra","Electronics and Communication Engineering (4 Years, Bachelor of Technology)",2025,6,11489,12490
"National Institute of Technology Karnataka, Surathkal","Mechanical Engineering (4 Years, Bachelor of Technology)",2025,6,12380,12666
National Institute of Technology Hamirpur,"Computer Science and Engineering (4 Years, Bachelor of Technology)",2025,6,12236,12740
"National Institute of Technology, Kurukshetra","Electronics and Communication Engineering (5 Years, Bachelor and Master of Technology (Dual Degree))",2025,6,12066,12809
National Institute of Technology Calicut,"Electrical and Electronics Engineering (4 Years, Bachelor of Technology)",2025,6,11415,12817
National Institute of Technology Raipur,"Computer Science and Engineering (4 Years, Bachelor of Technology)",2025,6,13177,13103
"Sardar Vallabhbhai National Institute of Technology, Surat","Artificial Intelligence (5 Years, Integrated B. Tech. and M. Tech.)",2025,6,12267,13111
"National Institute of Technology, Tiruchirappalli","Instrumentation and Control Engineering (4 Years, Bachelor of Technology)",2025,6,11001,13231
"Birla Institute of Technology, Mesra, Ranchi","Information Technology (4 Years, Bachelor of Technology)",2025,6,13357,13240
Atal Bihari Vajpayee Indian Institute of Information Technology & Management Gwalior,"Integrated B. Tech.(IT) and M. Tech (IT) (5 Years, Integrated B. Tech. and M. Tech. /MBA)",2025,6,13461,13536
National Institute of Technology Delhi,"Electronics and Communication Engineering (4 Years, Bachelor of Technology)",2025,6,12080,13950
Malaviya National Institute of Technology Jaipur,"Electrical Engineering (4 Years, Bachelor of Technology)",2025,6,13170,14017
"National Institute of Technology, Jamshedpur","Electronics and Communication Engineering (4 Years, Bachelor of Technology)",2025,6,13080,14077
"National Institute of Technology, Tiruchirappalli","Chemical Engineering (4 Years, Bachelor of Technology)",2025,6,13950,14147
National Institute of Technology Durgapur,"Electronics and Communication Engineering (4 Years, Bachelor of Technology)",2025,6,13608,14184
"Sardar Vallabhbhai National Institute of Technology, Surat","Electronics and Communication Engineering (4 Years, Bachelor of Technology)",2025,6,13942,14248
"Punjab Engineering College, Chandigarh","Computer Science Engineering (Data Science) (4 Years, B. Tech / B. Tech (Hons.))",2025,6,13915,14253
"Dr. B R Ambedkar National Institute of Technology, Jalandhar","Mathematics and Computing (4 Years, Bachelor of Technology)",2025,6,14559,14265
"National Institute of Technology, Warangal","Mechanical Engineering (4 Years, Bachelor of Technology)",2025,6,14333,14287
"Dr. B R Ambedkar National Institute of Technology, Jalandhar","Data Science and Engineering (4 Years, Bachelor of Technology)",2025,6,14016,14350
National Institute of Technology Hamirpur,"Computer Science and Engineering (5 Years, Bachelor and Master of Technology (Dual Degree))",2025,6,14106,14428
National Institute of Technology Delhi,"Aerospace Engineering (4 Years, Bachelor of Technology)",2025,6,14243,14448
National Institute of Technology Patna,"Computer Science and Engineering (4 Years, Bachelor of Technology)",2025,6,14442,14485
"Dr. B R Ambedkar National Institute of Technology, Jalandhar","Information Technology (4 Years, Bachelor of Technology)",2025,6,14120,14596
Atal Bihari Vajpayee Indian Institute of Information Technology & Management Gwalior,"Integrated B. Tech.(IT) and M. Tech (IT) (5 Years, Integrated B. Tech. and M. Tech.)",2025,6,13577,14609
"Indian Institute of Engineering Science and Technology, Shibpur","Computer Science and Engineering (4 Years, Bachelor of Technology)",2025,6,14635,14738
"National Institute of Technology, Kurukshetra","Microelectronics & VLSI Engineering (4 Years, Bachelor of Technology)",2025,6,14399,14828
"Pt. Dwarka Prasad Mishra Indian Institute of Information Technology, Design & Manufacture Jabalpur","Computer Science and Engineering (4 Years, Bachelor of Technology)",2025,6,14757,15093
Maulana Azad National Institute of Technology Bhopal,"Mathematics and Data Science (5 Years, Bachelor and Master of Technology (Dual Degree))",2025,6,14740,15163
National Institute of Technology Patna,"Mathematics and Computing Technology (5 Years, Bachelor and Master of Technology (Dual Degree))",2025,6,15362,15516
National Institute of Technology Patna,"Computer Science and Engineering with Specialization in Data Science (5 Years, Bachelor and Master of Technology (Dual Degree))",2025,6,15659,15595
National Institute of Technology Delhi,"VLSI Design and Technology (4 Years, Bachelor of Technology)",2025,6,15438,15602
Maulana Azad National Institute of Technology Bhopal,"Electronics and Communication Engineering (4 Years, Bachelor of Technology)",2025,6,14955,15617
National Institute of Technology Raipur,"Information Technology (4 Years, Bachelor of Technology)",2025,6,16070,15864
"Dr. B R Ambedkar National Institute of Technology, Jalandhar","Electronics and Communication Engineering (4 Years, Bachelor of Technology)",2025,6,15270,15879
"Visvesvaraya National Institute of Technology, Nagpur","Electrical and Electronics Engineering (4 Years, Bachelor of Technology)",2025,6,14761,15884
"National Institute of Technology Karnataka, Surathkal","Chemical Engineering (4 Years, Bachelor of Technology)",2025,6,15195,16106
"National Institute of Technology, Rourkela","Mechanical Engineering (4 Years, Bachelor of Technology)",2025,6,15037,16265
"National Institute of Technology, Kurukshetra","Electrical Engineering (5 Years, Bachelor and Master of Technology (Dual Degree))",2025,6,15897,16458
National Institute of Technology Hamirpur,"Mathematics and Computing (4 Years, Bachelor of Technology)",2025,6,16502,16502
"Sardar Vallabhbhai National Institute of Technology, Surat","Electronics and VLSI Engineering (4 Years, Bachelor of Technology)",2025,6,16600,16663
National Institute of Technology Patna,"Computer Science and Engineering with Specialization in Cyber Security (5 Years, Bachelor and Master of Technology (Dual Degree))",2025,6,16444,16785
"Punjab Engineering College, Chandigarh","Mathematics and Computing (4 Years, Bachelor of Technology)",2025,6,15800,16791
Atal Bihari Vajpayee Indian Institute of Information Technology & Management Gwalior,"Integrated B. Tech.(IT) and MBA (5 Years, Integrated B. Tech. and MBA)",2025,6,16856,16896
"National Institute of Technology, Kurukshetra","Industrial Internet of Things (4 Years, Bachelor of Technology)",2025,6,16603,17238
National Institute of Technology Calicut,"Engineering Physics (4 Years, Bachelor of Technology)",2025,6,16218,17305
"Indian Institute of Engineering Science and Technology, Shibpur","Information Technology (4 Years, Bachelor of Technology)",2025,6,16840,17430
Atal Bihari Vajpayee Indian Institute of Information Technology & Management Gwalior,"Electrical and Electronics Engineering (4 Years, Bachelor of Technology)",2025,6,17195,17605
"Dr. B R Ambedkar National Institute of Technology, Jalandhar","Electronics and VLSI Engineering (4 Years, Bachelor of Technology)",2025,6,16973,17651
"National Institute of Technology, Kurukshetra","Electrical Engineering (4 Years, Bachelor of Technology)",2025,6,17104,17676
"National Institute of Technology, Silchar","Electronics and Communication Engineering (4 Years, Bachelor of Technology)",2025,6,17339,17740
"National Institute of Technology, Uttarakhand","Computer Science and Engineering (4 Years, Bachelor of Technology)",2025,6,18039,17943
National Institute of Technology Goa,"Electronics and Communication Engineering (4 Years, Bachelor of Technology)",2025,6,16935,17953
Indian Institute of Information Technology (IIIT) Pune,"Computer Science and Engineering (4 Years, Bachelor of Technology)",2025,6,18252,18132
"Birla Institute of Technology, Mesra, Ranchi","Computer Science and Engineering (4 Years, Bachelor of Technology)",2025,6,18030,18144
Atal Bihari Vajpayee Indian Institute of Information Technology & Management Gwalior,"Integrated B. Tech.(IT) and MBA (5 Years, Integrated B. Tech. and M. Tech. /MBA)",2025,6,18264,18151
National Institute of Technology Puducherry,"Computer Science and Engineering (4 Years, Bachelor of Technology)",2025,6,18515,18285
"Indian Institute of Information Technology, Design & Manufacturing, Kancheepuram","Computer Science and Engineering (4 Years, Bachelor of Technology)",2025,6,18654,18363
University of Hyderabad,"Computer Science (5 Years, Integrated Master of Technology)",2025,6,18515,18476
"National Institute of Technology, Andhra Pradesh","Computer Science and Engineering (4 Years, Bachelor of Technology)",2025,6,18548,18524
National Institute of Technology Delhi,"Electrical Engineering (4 Years, Bachelor of Technology)",2025,6,16739,18537
"National Institute of Technology, Jamshedpur","Electrical Engineering (4 Years, Bachelor of Technology)",2025,6,17387,18671
National Institute of Technology Hamirpur,"Electronics and Communication Engineering (4 Years, Bachelor of Technology)",2025,6,18421,18693
"National Institute of Technology, Jamshedpur","Engineering and Computational Mechanics (4 Years, Bachelor of Technology)",2025,6,19206,18789
"International Institute of Information Technology, Naya Raipur","Computer Science and Engineering (4 Years, Bachelor of Technology)",2025,6,18080,18887
National Institute of Technology Delhi,"Electrical and Electronics Engineering (4 Years, Bachelor of Technology)",2025,6,19259,18996
National Institute of Technology Raipur,"Electronics and Communication Engineering (4 Years, Bachelor of Technology)",2025,6,18823,19025
"Indian Institute of Information Technology, Design & Manufacturing, Kancheepuram","Computer Science and Engineering with Major in Artificial Intelligence (4 Years, Bachelor of Technology)",2025,6,18702,19178
"National Institute of Technology, Tiruchirappalli","Civil Engineering (4 Years, Bachelor of Technology)",2025,6,18965,19178
"National Institute of Technology, Warangal","Chemical Engineering (4 Years, Bachelor of Technology)",2025,6,18833,19201
"National Institute of Technology, Rourkela","Chemical Engineering (4 Years, Bachelor of Technology)",2025,6,18958,19253
Motilal Nehru National Institute of Technology Allahabad,"Mechanical Engineering (4 Years, Bachelor of Technology)",2025,6,19748,19434
"Birla Institute of Technology, Mesra, Ranchi","Artificial Intelligence and Machine Learning (4 Years, Bachelor of Technology)",2025,6,19251,19535
National Institute of Technology Durgapur,"Electrical Engineering (4 Years, Bachelor of Technology)",2025,6,19559,19630
"Sardar Vallabhbhai National Institute of Technology, Surat","Electrical Engineering (4 Years, Bachelor of Technology)",2025,6,19425,19678
National Institute of Technology Patna,"Electronics and Communication Engineering (4 Years, Bachelor of Technology)",2025,6,20286,19750
"National Institute of Technology, Kurukshetra","Mechanical Engineering (5 Years, Bachelor and Master of Technology (Dual Degree))",2025,6,18205,19763
"Pt. Dwarka Prasad Mishra Indian Institute of Information Technology, Design & Manufacture Jabalpur","Electronics and Communication Engineering (4 Years, Bachelor of Technology)",2025,6,19106,19868
"Punjab Engineering College, Chandigarh","Electronics and Communication Engineering (4 Years, Bachelor of Technology)",2025,6,19785,20268
National Institute of Technology Agartala,"Computer Science and Engineering (4 Years, Bachelor of Technology)",2025,6,20298,20414
National Institute of Technology Calicut,"Mechanical Engineering (4 Years, Bachelor of Technology)",2025,6,20611,20563
National Institute of Technology Meghalaya,"Computer Science and Engineering (4 Years, Bachelor of Technology)",2025,6,20039,20649
Malaviya National Institute of Technology Jaipur,"Mechanical Engineering (4 Years, Bachelor of Technology)",2025,6,20436,20774
Maulana Azad National Institute of Technology Bhopal,"Electrical Engineering (4 Years, Bachelor of Technology)",2025,6,20334,20787
National Institute of Technology Hamirpur,"Electronics and Communication Engineering (5 Years, Bachelor and Master of Technology (Dual Degree))",2025,6,19942,20846
"Dr. B R Ambedkar National Institute of Technology, Jalandhar","Electrical Engineering (4 Years, Bachelor of Technology)",2025,6,21545,21196
Indian Institute of Information Technology Guwahati,"Computer Science and Engineering (4 Years, Bachelor of Technology)",2025,6,20821,21338
"Indian Institute of Information Technology Srirangam, Tiruchirappalli","Computer Science and Engineering (4 Years, Bachelor of Technology)",2025,6,21358,21691
"Indian Institute of Engineering Science and Technology, Shibpur","Electronics and Telecommunication Engineering (4 Years, Bachelor of Technology)",2025,6,21078,21705
"Indian Institute of Information Technology(IIIT), Vadodara, Gujrat","Computer Science and Engineering (4 Years, Bachelor of Technology)",2025,6,21838,22218
"Indian Institute of Engineering Science and Technology, Shibpur","Aerospace Engineering (4 Years, Bachelor of Technology)",2025,6,21831,22232
National Institute of Technology Patna,"Electronics and Communication Engineering with Specialization in Microelectronics and VLSI System Design (5 Years, Bachelor and Master of Technology (Dual Degree))",2025,6,22769,22299
"Punjab Engineering College, Chandigarh","Electronics Engineering (VLSI Design and Technology) (4 Years, Bachelor of Technology)",2025,6,21167,22557
Motilal Nehru National Institute of Technology Allahabad,"Chemical Engineering (4 Years, Bachelor of Technology)",2025,6,21061,22752
"National Institute of Technology, Tiruchirappalli","Metallurgical and Materials Engineering (4 Years, Bachelor of Technology)",2025,6,22521,23023
"National Institute of Technology, Srinagar","Computer Science and Engineering (4 Years, Bachelor of Technology)",2025,6,21839,23260
"National Institute of Technology, Silchar","Electronics and Instrumentation Engineering (4 Years, Bachelor of Technology)",2025,6,21926,23280
"National Institute of Technology, Rourkela","Chemical Engineering (5 Years, Bachelor and Master of Technology (Dual Degree))",2025,6,22091,23307
"International Institute of Information Technology, Naya Raipur","Data Science and Artificial Intelligence (4 Years, Bachelor of Technology)",2025,6,22017,23396
"National Institute of Technology, Kurukshetra","Mechanical Engineering (4 Years, Bachelor of Technology)",2025,6,23310,23443
"National Institute of Technology, Warangal","Physics (5 Years, Integrated Master of Science)",2025,6,22490,23465
"National Institute of Technology Karnataka, Surathkal","Civil Engineering (4 Years, Bachelor of Technology)",2025,6,22939,23484
National Institute of Technology Goa,"Electrical and Electronics Engineering (4 Years, Bachelor of Technology)",2025,6,23326,23494
National Institute of Technology Delhi,"Mechanical Engineering (4 Years, Bachelor of Technology)",2025,6,22208,23529
Indian Institute of Information Technology Bhopal,"Computer Science and Engineering (Data Science) (4 Years, Bachelor of Technology)",2025,6,24335,23677
"Visvesvaraya National Institute of Technology, Nagpur","Mechanical Engineering (4 Years, Bachelor of Technology)",2025,6,23108,23748
"National Institute of Technology, Tiruchirappalli","Production Engineering (4 Years, Bachelor of Technology)",2025,6,24286,23764
"Indian Institute of Information Technology, Design & Manufacturing, Kancheepuram","Computer Science and Engineering (5 Years, Bachelor and Master of Technology (Dual Degree))",2025,6,22849,24109
"Indian Institute of Information Technology(IIIT), Vadodara, Gujrat","Information Technology (4 Years, Bachelor of Technology)",2025,6,23624,24126
Indian Institute of Information Technology (IIIT) Pune,"Electronics and Communication Engineering (4 Years, Bachelor of Technology)",2025,6,23592,24133
"National Institute of Technology, Rourkela","Physics (5 Years, Integrated Master of Science)",2025,6,22008,24144
Indian Institute of Information Technology Bhopal,"Computer Science and Engineering (Artificial Intelligence) (4 Years, Bachelor of Technology)",2025,6,23637,24223
"National Institute of Technology, Warangal","Mathematics (5 Years, Integrated Master of Science)",2025,6,23183,24251
"Jawaharlal Nehru University, Delhi","Computer Science & Engineering (5 Years, B.Tech. + M.Tech./MS (Dual Degree))",2025,6,24280,24454
"Sardar Vallabhbhai National Institute of Technology, Surat","Engineering Physics (4 Years, Bachelor of Technology)",2025,6,24363,24525
"National Institute of Technology Karnataka, Surathkal","Metallurgical and Materials Engineering (4 Years, Bachelor of Technology)",2025,6,23412,24581
"Indian Institute of Information Technology (IIIT)Kota, Rajasthan","Computer Science and Engineering (4 Years, Bachelor of Technology)",2025,6,24416,24790
Indian Institute of Information Technology Surat,"Computer Science and Engineering (4 Years, Bachelor of Technology)",2025,6,25108,24862
"National Institute of Technology, Silchar","Electrical Engineering (4 Years, Bachelor of Technology)",2025,6,24365,25115
National Institute of Technology Puducherry,"Electronics and Communication Engineering (4 Years, Bachelor of Technology)",2025,6,24073,25293
Indian Institute of Information Technology Bhopal,"Computer Science and Engineering (4 Years, Bachelor of Technology)",2025,6,23999,25435
Malaviya National Institute of Technology Jaipur,"Chemical Engineering (4 Years, Bachelor of Technology)",2025,6,25049,25747
"National Institute of Technology, Warangal","Civil Engineering (4 Years, Bachelor of Technology)",2025,6,25857,25783
National Institute of Technology Hamirpur,"Electrical Engineering (4 Years, Bachelor of Technology)",2025,6,25782,26021
"National Institute of Technology, Andhra Pradesh","Electronics and Communication Engineering (4 Years, Bachelor of Technology)",2025,6,25707,26314
National Institute of Technology Calicut,"Chemical Engineering (4 Years, Bachelor of Technology)",2025,6,26194,26375
National Institute of Technology Patna,"Mechatronics and Automation Engineering (4 Years, Bachelor of Technology)",2025,6,24053,26399
National Institute of Technology Patna,"Electrical Engineering (4 Years, Bachelor of Technology)",2025,6,26872,26630
National Institute of Technology Raipur,"Electrical Engineering (4 Years, Bachelor of Technology)",2025,6,26898,26656
"National Institute of Technology, Rourkela","Civil Engineering (4 Years, Bachelor of Technology)",2025,6,25893,26693
"National Institute of Technology, Uttarakhand","Electronics and Communication Engineering (4 Years, Bachelor of Technology)",2025,6,26226,26728
"Indian Institute of Information Technology (IIIT), Sri City, Chittoor","Computer Science and Engineering (4 Years, Bachelor of Technology)",2025,6,26444,27246
"Sardar Vallabhbhai National Institute of Technology, Surat","Mechanical Engineering (4 Years, Bachelor of Technology)",2025,6,27163,27275
Indian Institute of Information Technology (IIIT) Nagpur,"Computer Science Engineering (Artificial lntelligence and Machine Learning) (4 Years, Bachelor of Technology)",2025,6,27105,27300
National Institute of Technology Delhi,"Civil Engineering (4 Years, Bachelor of Technology)",2025,6,27045,27491
National Institute of Technology Patna,"Electrical Engineering with Specialization In Power System Engineering (5 Years, Bachelor and Master of Technology (Dual Degree))",2025,6,27448,27499
"National Institute of Technology, Srinagar","Information Technology (4 Years, Bachelor of Technology)",2025,6,26370,27589
"Punjab Engineering College, Chandigarh","Electrical Engineering (4 Years, Bachelor of Technology)",2025,6,27230,27608
"Indian Institute of Information Technology, Design & Manufacturing, Kancheepuram","Electronics and Communication Engineering (4 Years, Bachelor of Technology)",2025,6,27634,27756
Indian Institute of Information Technology (IIIT) Nagpur,"Computer Science and Engineering (4 Years, Bachelor of Technology)",2025,6,27356,27836
"Birla Institute of Technology, Mesra, Ranchi","Electronics and Communication Engineering (4 Years, Bachelor of Technology)",2025,6,27924,28049
"National Institute of Technology, Rourkela","Mathematics (5 Years, Integrated Master of Science)",2025,6,28659,28086
National Institute of Technology Agartala,"Electronics and Communication Engineering (4 Years, Bachelor of Technology)",2025,6,27158,28104
Indian Institute of Information Technology Bhopal,"Computer Science and Engineering (Cyber Security) (4 Years, Bachelor of Technology)",2025,6,27858,28224
"Indian Institute of Engineering Science and Technology, Shibpur","Electrical Engineering (4 Years, Bachelor of Technology)",2025,6,28389,28243
"Jawaharlal Nehru University, Delhi","Computer Science and Engineering (4 Years, Bachelor of Technology)",2025,6,27936,28540
"Indian Institute of Information Technology (IIIT)Kota, Rajasthan","Artificial Intelligence and Data Engineering (4 Years, Bachelor of Technology)",2025,6,27124,28589
National Institute of Technology Arunachal Pradesh,"Computer Science and Engineering (4 Years, Bachelor of Technology)",2025,6,28514,28737
Indian Institute of Information Technology (IIIT) Nagpur,"Computer Science Engineering (Data Science and Analytics) (4 Years, Bachelor of Technology)",2025,6,28763,28761
"National Institute of Technology, Warangal","Metallurgical and Materials Engineering (4 Years, Bachelor of Technology)",2025,6,28135,28797
National Institute of Technology Sikkim,"Computer Science and Engineering (4 Years, Bachelor of Technology)",2025,6,28284,29062
"Indian Institute of Information Technology(IIIT) Kilohrad, Sonepat, Haryana","Computer Science and Engineering (4 Years, Bachelor of Technology)",2025,6,28994,29182
National Institute of Technology Durgapur,"Mechanical Engineering (4 Years, Bachelor of Technology)",2025,6,27957,29262
"National Institute of Technology, Jamshedpur","Mechanical Engineering (4 Years, Bachelor of Technology)",2025,6,29147,29282
"Indian Institute of Information Technology(IIIT) Una, Himachal Pradesh","Computer Science and Engineering (4 Years, Bachelor of Technology)",2025,6,28335,29292
"National Institute of Technology Karnataka, Surathkal","Mining Engineering (4 Years, Bachelor of Technology)",2025,6,27766,29304
Indian Institute of Information Technology Tiruchirappalli,"Computer Science and Engineering (4 Years, Bachelor of Technology)",2025,6,29303,29467
"Indian Institute of Information Technology, Design & Manufacturing, Kancheepuram","B.Tech. in Electronics and Communication Engineering and M.Tech. in VLSI Design (5 Years, Bachelor and Master of Technology (Dual Degree))",2025,6,27848,29603
National Institute of Technology Meghalaya,"Electronics and Communication Engineering (4 Years, Bachelor of Technology)",2025,6,29484,29623
Indian Institute of Information Technology Bhopal,"Information Technology (4 Years, Bachelor of Technology)",2025,6,30065,30046
"Punjab Engineering College, Chandigarh","Aerospace Engineering (4 Years, Bachelor of Technology)",2025,6,30665,30079
"National Institute of Technology, Warangal","Bio Technology (4 Years, Bachelor of Technology)",2025,6,30707,30247
"Indian Institute of Information Technology (IIIT), Sri City, Chittoor","Artificial Intelligence and Data Science (4 Years, Bachelor of Technology)",2025,6,28509,30251
"National Institute of Technology, Manipur","Computer Science and Engineering (4 Years, Bachelor of Technology)",2025,6,30611,30855
Indian Institute of Information Technology (IIIT) Nagpur,"Computer Science Engineering (Human Computer lnteraction and Gaming Technology) (4 Years, Bachelor of Technology)",2025,6,30403,31124
National Institute of Technology Puducherry,"Electrical and Electronics Engineering (4 Years, Bachelor of Technology)",2025,6,29032,31221
Motilal Nehru National Institute of Technology Allahabad,"Civil Engineering (4 Years, Bachelor of Technology)",2025,6,29422,31279
"International Institute of Information Technology, Bhubaneswar","Computer Science and Engineering (4 Years, Bachelor of Technology)",2025,6,31001,31378
Maulana Azad National Institute of Technology Bhopal,"Mechanical Engineering (4 Years, Bachelor of Technology)",2025,6,29993,31385
"National Institute of Technology, Rourkela","Metallurgical and Materials Engineering (4 Years, Bachelor of Technology)",2025,6,28678,31443
Indian Institute of Information Technology Guwahati,"Electronics and Communication Engineering (4 Years, Bachelor of Technology)",2025,6,30437,31485
"Birla Institute of Technology, Mesra, Ranchi","Mathematics and Computing (5 Years, Integrated Master of Science)",2025,6,31152,31503
"Visvesvaraya National Institute of Technology, Nagpur","Chemical Engineering (4 Years, Bachelor of Technology)",2025,6,28900,31576
"National Institute of Technology, Rourkela","Industrial Design (4 Years, Bachelor of Technology)",2025,6,29601,31702
"National Institute of Technology, Rourkela","Bio Technology (4 Years, Bachelor of Technology)",2025,6,29495,31730
"Dr. B R Ambedkar National Institute of Technology, Jalandhar","Mechanical Engineering (4 Years, Bachelor of Technology)",2025,6,30878,31752
"Birla Institute of Technology, Mesra, Ranchi","Electrical and Electronics Engineering (4 Years, Bachelor of Technology)",2025,6,31361,31896
National Institute of Technology Goa,"Mechanical Engineering (4 Years, Bachelor of Technology)",2025,6,31124,31906
"Dr. B R Ambedkar National Institute of Technology, Jalandhar","Instrumentation and Control Engineering (4 Years, Bachelor of Technology)",2025,6,30740,31956
"Indian Institute of Information Technology(IIIT) Kilohrad, Sonepat, Haryana","Information Technology (4 Years, Bachelor of Technology)",2025,6,32173,32098
Indian Institute of Information Technology Bhopal,"Computer Science and Engineering (Cyber Physical System) (4 Years, Bachelor of Technology)",2025,6,30659,32136
Malaviya National Institute of Technology Jaipur,"Civil Engineering (4 Years, Bachelor of Technology)",2025,6,32608,32374
Indian Institute of Information Technology (IIIT) Ranchi,"Computer Science and Engineering (with Specialization of Data Science and Artificial Intelligence) (4 Years, B. Tech / B. Tech (Hons.))",2025,6,31336,32493
"International Institute of Information Technology, Naya Raipur","Electronics and Communication Engineering (4 Years, Bachelor of Technology)",2025,6,31363,32696
National Institute of Technology Patna,"Material Science and Engineering (5 Years, Bachelor and Master of Technology (Dual Degree))",2025,6,37241,32752
"Indian Institute of Information Technology Srirangam, Tiruchirappalli","Electronics and Communication Engineering (4 Years, Bachelor of Technology)",2025,6,33355,32805
National Institute of Technology Agartala,"Mathematics & Computing (5 Years, Bachelor of Science and Master of Science (Dual Degree))",2025,6,31639,33227
"National Institute of Technology, Uttarakhand","Electrical and Electronics Engineering (4 Years, Bachelor of Technology)",2025,6,32287,33257
Indian Institute of Information Technology (IIIT) Ranchi,"Computer Science and Engineering (4 Years, Bachelor of Technology)",2025,6,32429,33369
"National Institute of Technology, Silchar","Mechanical Engineering (4 Years, Bachelor of Technology)",2025,6,32251,33381
Indian Institute of Information Technology(IIIT) Kottayam,"Computer Science and Engineering with specialization in Artificial Intelligence and Data Science (4 Years, Bachelor of Technology)",2025,6,32727,33385
"Indian Institute of Information Technology, Vadodara International Campus Diu (IIITVICD)","Computer Science and Engineering (4 Years, Bachelor of Technology)",2025,6,32396,33415
"National Institute of Technology, Mizoram","Computer Science and Engineering (4 Years, Bachelor of Technology)",2025,6,33181,33499
National Institute of Technology Calicut,"Materials Science and Engineering (4 Years, Bachelor of Technology)",2025,6,33674,33575
"Indian Institute of Information Technology(IIIT) Una, Himachal Pradesh","Information Technology (4 Years, Bachelor of Technology)",2025,6,33023,33598
National Institute of Technology Calicut,"Production Engineering (4 Years, Bachelor of Technology)",2025,6,33433,33642
"National Institute of Technology, Kurukshetra","SUSTAINABLE ENERGY TECHNOLOGIES (4 Years, Bachelor of Technology)",2025,6,32019,33677
National Institute of Technology Durgapur,"Chemical Engineering (4 Years, Bachelor of Technology)",2025,6,33696,33682
University of Hyderabad,"Computer Science and Engineering (5 Years, Bachelor and Master of Technology (Dual Degree))",2025,6,33350,33740
"Indian Institute of Information Technology(IIIT) Kilohrad, Sonepat, Haryana","CSE ( Data Science & Analytics) (4 Years, Bachelor of Technology)",2025,6,31601,33762
"Indian Institute of Information Technology(IIIT) Una, Himachal Pradesh","Computer Science and Engineering (Data Science) (4 Years, Bachelor of Technology)",2025,6,30485,33805
"Indian Institute of Information Technology(IIIT) Una, Himachal Pradesh","Computer Science and Engineering (Cyber Security) (4 Years, Bachelor of Technology)",2025,6,31872,33837
"Indian Institute of Information Technology Design & Manufacturing Kurnool, Andhra Pradesh","Computer Science and Engineering (4 Years, Bachelor of Technology)",2025,6,32761,33839
"Indian Institute of Information Technology, Design & Manufacturing, Kancheepuram","B.Tech. in Electronics and Communication Engineering and M.Tech. in Communication Systems (5 Years, Bachelor and Master of Technology (Dual Degree))",2025,6,32117,33855
National Institute of Technology Nagaland,"Computer Science and Engineering (4 Years, Bachelor of Technology)",2025,6,31391,34154
National Institute of Technology Calicut,"Civil Engineering (4 Years, Bachelor of Technology)",2025,6,33650,34288
"National Institute of Technology, Srinagar","Electronics and Communication Engineering (4 Years, Bachelor of Technology)",2025,6,33605,34413
"Sardar Vallabhbhai National Institute of Technology, Surat","Chemical Engineering (4 Years, Bachelor of Technology)",2025,6,34327,34440
"Indian Institute of Information Technology (IIIT)Kota, Rajasthan","Electronics and Communication Engineering (4 Years, Bachelor of Technology)",2025,6,34167,34567
National Institute of Technology Sikkim,"Artificial Intelligence and Machine Learning (4 Years, Bachelor of Technology)",2025,6,33955,34691
"International Institute of Information Technology, Bhubaneswar","Information Technology (4 Years, Bachelor of Technology)",2025,6,33712,34799
Indian Institute of Information Technology Surat,"Electronics and Communication Engineering (4 Years, Bachelor of Technology)",2025,6,34263,34815
National Institute of Technology Agartala,"Computational Mathematics (5 Years, Bachelor and Master of Technology (Dual Degree))",2025,6,34842,34897
"International Institute of Information Technology, Bhubaneswar","Computer Engineering (4 Years, Bachelor of Technology)",2025,6,33451,34934
National Institute of Technology Hamirpur,"Mechanical Engineering (4 Years, Bachelor of Technology)",2025,6,35236,35012
"Indian institute of information technology, Raichur, Karnataka","Computer Science and Engineering (4 Years, Bachelor of Technology)",2025,6,34282,35168
National Institute of Technology Durgapur,"Chemical Engineering (5 Years, Bachelor and Master of Technology (Dual Degree))",2025,6,34405,35179
"National Institute of Technology, Andhra Pradesh","Electrical and Electronics Engineering (4 Years, Bachelor of Technology)",2025,6,34473,35277
"National Institute of Technology, Rourkela","Mining Engineering (4 Years, Bachelor of Technology)",2025,6,31895,35536
"National Institute of Technology, Kurukshetra","Civil Engineering (4 Years, Bachelor of Technology)",2025,6,34647,35651
Maulana Azad National Institute of Technology Bhopal,"Chemical Engineering (4 Years, Bachelor of Technology)",2025,6,34554,35693
Indian Institute of Information Technology Bhopal,"Electronics and Communication Engineering (4 Years, Bachelor of Technology)",2025,6,35355,35815
Indian Institute of Information Technology(IIIT) Kottayam,"Computer Science and Engineering (4 Years, Bachelor of Technology)",2025,6,35996,35815
"National Institute of Technology, Warangal","Chemistry (5 Years, Integrated Master of Science)",2025,6,31513,35904
National Institute of Technology Hamirpur,"Engineering Physics (4 Years, Bachelor of Technology)",2025,6,35666,35911
Motilal Nehru National Institute of Technology Allahabad,"Production and Industrial Engineering (4 Years, Bachelor of Technology)",2025,6,35559,35986
"National Institute of Technology, Rourkela","Mining Engineering (5 Years, Bachelor and Master of Technology (Dual Degree))",2025,6,32461,36110
"Jawaharlal Nehru University, Delhi","Electronics & Communication Engineering (5 Years, B.Tech. + M.Tech./MS (Dual Degree))",2025,6,36568,36156
"National Institute of Technology, Mizoram","Mathematics and Computing (4 Years, Bachelor of Technology)",2025,6,36482,36288
National Institute of Technology Raipur,"Mechanical Engineering (4 Years, Bachelor of Technology)",2025,6,35628,36509
Motilal Nehru National Institute of Technology Allahabad,"Bio Technology (4 Years, Bachelor of Technology)",2025,6,35422,36574
"National Institute of Technology, Kurukshetra","Civil Engineering (5 Years, Bachelor and Master of Technology (Dual Degree))",2025,6,34173,36791
Indian Institute of Information Technology Tiruchirappalli,"Electronics and Communication Engineering (4 Years, Bachelor of Technology)",2025,6,36702,36827
"National Institute of Technology, Rourkela","Bio Medical Engineering (4 Years, Bachelor of Technology)",2025,6,37811,36918
National Institute of Technology Meghalaya,"Electrical and Electronics Engineering (4 Years, Bachelor of Technology)",2025,6,36106,36931
Indian Institute of Information Technology (IIIT) Nagpur,"Electronics and Communication Engineering (Internet of Things) (4 Years, Bachelor of Technology)",2025,6,35608,36955
"National Institute of Technology, Rourkela","Metallurgical and Materials Engineering (5 Years, Bachelor and Master of Technology (Dual Degree))",2025,6,35955,37182
"Jawaharlal Nehru University, Delhi","Electronics and Communication Engineering (4 Years, Bachelor of Technology)",2025,6,35486,37240
National Institute of Technology Patna,"Mechanical Engineering (4 Years, Bachelor of Technology)",2025,6,36958,37241
National Institute of Technology Agartala,"Electronics and Instrumentation Engineering (4 Years, Bachelor of Technology)",2025,6,37244,37308
"National Institute of Technology, Rourkela","Ceramic Engineering (4 Years, Bachelor of Technology)",2025,6,36000,37352
National Institute of Technology Calicut,"Bio Technology (4 Years, Bachelor of Technology)",2025,6,35922,37354
"Indian Institute of Information Technology (IIIT), Sri City, Chittoor","Electronics and Communication Engineering (4 Years, Bachelor of Technology)",2025,6,36490,37404
"Indian Institute of Engineering Science and Technology, Shibpur","Mechanical Engineering (4 Years, Bachelor of Technology)",2025,6,35857,37505
National Institute of Technology Patna,"Chemical Technology (5 Years, Bachelor and Master of Technology (Dual Degree))",2025,6,36034,37638
"Visvesvaraya National Institute of Technology, Nagpur","Civil Engineering (4 Years, Bachelor of Technology)",2025,6,36655,37759
Indian Institute of Information Technology(IIIT) Kottayam,"Computer Science and Engineering with specialization in Cyber Security (4 Years, Bachelor of Technology)",2025,6,36976,37812
"Dr. B R Ambedkar National Institute of Technology, Jalandhar","Chemical Engineering (4 Years, Bachelor of Technology)",2025,6,37272,38044
Indian Institute of Information Technology(IIIT) Dharwad,"Computer Science and Engineering (4 Years, Bachelor of Technology)",2025,6,37419,38121
"Indian Institute of Information Technology Design & Manufacturing Kurnool, Andhra Pradesh","Artificial Intelligence and Data Science (4 Years, Bachelor of Technology)",2025,6,36999,38207
"Indian Institute of Information Technology(IIIT) Una, Himachal Pradesh","Electronics and Communication Engineering (4 Years, Bachelor of Technology)",2025,6,37935,38292
Indian Institute of Information Technology (IIIT) Nagpur,"Electronics and Communication Engineering (4 Years, Bachelor of Technology)",2025,6,37530,38304
National Institute of Technology Sikkim,"Electronics and Communication Engineering (4 Years, Bachelor of Technology)",2025,6,37004,38406
Malaviya National Institute of Technology Jaipur,"Metallurgical and Materials Engineering (4 Years, Bachelor of Technology)",2025,6,36965,38472
"Indian institute of information technology, Raichur, Karnataka","Artificial Intelligence and Data Science (4 Years, Bachelor of Technology)",2025,6,37788,38593
Motilal Nehru National Institute of Technology Allahabad,"Materials Engineering (4 Years, Bachelor of Technology)",2025,6,38008,38653
National Institute of Technology Agartala,"Electrical Engineering (4 Years, Bachelor of Technology)",2025,6,38044,38689
"National Institute of Technology, Kurukshetra","Production and Industrial Engineering (4 Years, Bachelor of Technology)",2025,6,39314,38801
"Indian Institute of Information Technology Design & Manufacturing Kurnool, Andhra Pradesh","Computer Science and Engineering (5 Years, Bachelor and Master of Technology (Dual Degree))",2025,6,37958,38996
"Indian Institute of Information Technology, Agartala","Computer Science and Engineering (4 Years, Bachelor of Technology)",2025,6,39356,39644
"Institute of Infrastructure, Technology, Research and Management-Ahmedabad","Computer Engineering (4 Years, Bachelor of Technology)",2025,6,40078,39645
Indian Institute of Information Technology (IIIT) Ranchi,"Electronics and Communication Engineering (with Specialization of Embedded Systems and Internet of Things) (4 Years, B. Tech / B. Tech (Hons.))",2025,6,39295,39706
"National Institute of Technology, Manipur","Electronics and Communication Engineering (4 Years, Bachelor of Technology)",2025,6,40126,39765
Indian Institute of Information Technology Bhagalpur,"Computer Science and Engineering (4 Years, Bachelor of Technology)",2025,6,39481,39904
Indian Institute of Information Technology(IIIT) Kottayam,"Electronics and Communication Engineering (4 Years, Bachelor of Technology)",2025,6,39875,39942
National Institute of Technology Raipur,"Chemical Engineering (4 Years, Bachelor of Technology)",2025,6,39335,39965
Indian Institute of Information Technology(IIIT) Dharwad,"Data Science and Artificial Intelligence (4 Years, Bachelor of Technology)",2025,6,39077,39992
"International Institute of Information Technology, Bhubaneswar","Electronics and Telecommunication Engineering (4 Years, Bachelor of Technology)",2025,6,39955,40000
National Institute of Technology Patna,"Mechanical Engineering with Specialization in Manufacturing and Industrial Engineering (5 Years, Bachelor and Master of Technology (Dual Degree))",2025,6,39044,40016
National Institute of Technology Durgapur,"Civil Engineering (4 Years, Bachelor of Technology)",2025,6,40215,40205
National Institute of Technology Hamirpur,"Chemical Engineering (4 Years, Bachelor of Technology)",2025,6,39188,40236
"National Institute of Technology, Jamshedpur","Production and Industrial Engineering (4 Years, Bachelor of Technology)",2025,6,39744,40281
"Pondicherry Engineering College, Puducherry","Information Technology (4 Years, Bachelor of Technology)",2025,6,41195,40723
"Indian Institute of Information Technology(IIIT) Kalyani, West Bengal","Computer Science and Engineering (4 Years, Bachelor of Technology)",2025,6,39991,40729
Indian Institute of Information Technology (IIIT) Ranchi,"Electronics and Communication Engineering (4 Years, Bachelor of Technology)",2025,6,40194,40757
"National Institute of Technology, Rourkela","Ceramic Engineering and M.Tech Industrial Ceramic (5 Years, Bachelor and Master of Technology (Dual Degree))",2025,6,39253,40780
"National Institute of Technology, Srinagar","Electrical Engineering (4 Years, Bachelor of Technology)",2025,6,40442,40816
National Institute of Technology Arunachal Pradesh,"Electronics and Communication Engineering (4 Years, Bachelor of Technology)",2025,6,40722,40872
"Indian Institute of Information Technology, Design & Manufacturing, Kancheepuram","B.Tech in Mechanical Engineering and M.Tech in AI and Robotics (5 Years, B.Tech. + M.Tech./MS (Dual Degree))",2025,6,39290,40952
"National Institute of Technology, Uttarakhand","Mechanical Engineering (4 Years, Bachelor of Technology)",2025,6,40565,40987
Maulana Azad National Institute of Technology Bhopal,"Civil Engineering (4 Years, Bachelor of Technology)",2025,6,39973,41126
"National Institute of Technology, Jamshedpur","Civil Engineering (4 Years, Bachelor of Technology)",2025,6,40903,41360
"Birla Institute of Technology, Mesra, Ranchi","Quantitative Economics & Data Science (5 Years, Integrated Master of Science)",2025,6,41337,41401
National Institute of Technology Sikkim,"Electrical and Electronics Engineering (4 Years, Bachelor of Technology)",2025,6,42538,41419
"National Institute of Technology, Andhra Pradesh","Mechanical Engineering (4 Years, Bachelor of Technology)",2025,6,41191,41434
National Institute of Technology Puducherry,"Mechanical Engineering (4 Years, Bachelor of Technology)",2025,6,42247,41601
"Punjab Engineering College, Chandigarh","Mechanical Engineering (4 Years, Bachelor of Technology)",2025,6,41055,41656
"Pondicherry Engineering College, Puducherry","Computer Science and Engineering (4 Years, Bachelor of Technology)",2025,6,42585,41750
"Indian institute of information technology, Raichur, Karnataka","Mathematics and Computing (4 Years, Bachelor of Technology)",2025,6,39100,41763
"International Institute of Information Technology, Bhubaneswar","Electrical and Electronics Engineering (4 Years, Bachelor of Technology)",2025,6,41584,41901
Indian Institute of Information Technology Bhagalpur,"Mathematics and Computing (4 Years, Bachelor of Technology)",2025,6,39975,41953
Indian Institute of Information Technology(IIIT) Dharwad,"Electronics and Communication Engineering (4 Years, Bachelor of Technology)",2025,6,41143,42000
"National Institute of Technology, Rourkela","Food Process Engineering (4 Years, Bachelor of Technology)",2025,6,41605,42027
"Pt. Dwarka Prasad Mishra Indian Institute of Information Technology, Design & Manufacture Jabalpur","Mechanical Engineering (4 Years, Bachelor of Technology)",2025,6,41353,42206
National Institute of Technology Nagaland,"Electronics and Communication Engineering (4 Years, Bachelor of Technology)",2025,6,42889,42452
Indian Institute of Information Technology Bhagalpur,"Electronics and Communication Engineering (4 Years, Bachelor of Technology)",2025,6,42488,42587
"Indian Institute of Information Technology Design & Manufacturing Kurnool, Andhra Pradesh","Electronics and Communication Engineering with specialization in Design and Manufacturing (4 Years, Bachelor of Technology)",2025,6,41985,42594
"Sardar Vallabhbhai National Institute of Technology, Surat","Civil Engineering (4 Years, Bachelor of Technology)",2025,6,42166,42675
"Visvesvaraya National Institute of Technology, Nagpur","Metallurgical and Materials Engineering (4 Years, Bachelor of Technology)",2025,6,42379,42857
"Indian Institute of Information Technology(IIIT) Kalyani, West Bengal","Electronics and Communication Engineering (4 Years, Bachelor of Technology)",2025,6,43031,43022
"National Institute of Technology, Mizoram","Electronics and Communication Engineering (4 Years, Bachelor of Technology)",2025,6,43128,43065
"Indian Institute of Information Technology Design & Manufacturing Kurnool, Andhra Pradesh","Electronics and Communication Engineering (5 Years, Bachelor and Master of Technology (Dual Degree))",2025,6,42606,43132
"Birla Institute of Technology, Mesra, Ranchi","Mechanical Engineering (4 Years, Bachelor of Technology)",2025,6,43489,44005
"Dr. B R Ambedkar National Institute of Technology, Jalandhar","Civil Engineering (4 Years, Bachelor of Technology)",2025,6,44274,44207
National Institute of Technology Goa,"Civil Engineering (4 Years, Bachelor of Technology)",2025,6,44014,44335
National Institute of Technology Patna,"Civil Engineering with Specialization in Construction Technology and Management (5 Years, Bachelor and Master of Technology (Dual Degree))",2025,6,42411,44416
"J.K. Institute of Applied Physics & Technology, Department of Electronics & Communication, University of Allahabad- Allahabad","Computer Science and Engineering with Major in Artificial Intelligence (4 Years, Bachelor of Technology)",2025,6,43997,44836
"Puducherry Technological University, Puducherry","Information Technology (4 Years, Bachelor of Technology)",2025,6,44373,45203
"National Institute of Technology, Andhra Pradesh","Chemical Engineering (4 Years, Bachelor of Technology)",2025,6,45161,45224
"Pondicherry Engineering College, Puducherry","Electrical and Electronics Engineering (4 Years, Bachelor of Technology)",2025,6,45963,45269
National Institute of Technology Arunachal Pradesh,"Electrical Engineering (4 Years, Bachelor of Technology)",2025,6,45212,45355
Indian Institute of Information Technology Manipur,"Computer Science and Engineering with specialization in Artificial Intelligence and Data Science (4 Years, Bachelor of Technology)",2025,6,45374,45408
National Institute of Technology Raipur,"Civil Engineering (4 Years, Bachelor of Technology)",2025,6,44960,45457
"Indian Institute of Information Technology, Design & Manufacturing, Kancheepuram","Mechanical Engineering (4 Years, Bachelor of Technology)",2025,6,43513,45549
Maulana Azad National Institute of Technology Bhopal,"Materials Science and Metallurgical Engineering (4 Years, Bachelor of Technology)",2025,6,44668,45818
National Institute of Technology Hamirpur,"Civil Engineering (4 Years, Bachelor of Technology)",2025,6,45502,46009
Indian Institute of Information Technology Manipur,"Computer Science and Engineering (4 Years, Bachelor of Technology)",2025,6,46351,46172
"National Institute of Technology, Jamshedpur","Metallurgical and Materials Engineering (4 Years, Bachelor of Technology)",2025,6,46367,46248
"National Institute of Technology, Mizoram","Electrical and Electronics Engineering (4 Years, Bachelor of Technology)",2025,6,46307,46317
"National Institute of Technology, Silchar","Civil Engineering (4 Years, Bachelor of Technology)",2025,6,45391,46355
"Dr. B R Ambedkar National Institute of Technology, Jalandhar","Industrial and Production Engineering (4 Years, Bachelor of Technology)",2025,6,46905,46439
National Institute of Technology Patna,"Civil Engineering (4 Years, Bachelor of Technology)",2025,6,46400,46515
"Visvesvaraya National Institute of Technology, Nagpur","Mining Engineering (4 Years, Bachelor of Technology)",2025,6,44834,46613
National Institute of Technology Agartala,"Mechanical Engineering (4 Years, Bachelor of Technology)",2025,6,46675,46625
National Institute of Technology Durgapur,"Metallurgical and Materials Engineering (4 Years, Bachelor of Technology)",2025,6,44399,46653
National Institute of Technology Nagaland,"Electrical and Electronics Engineering (4 Years, Bachelor of Technology)",2025,6,47335,46787
National Institute of Technology Agartala,"Engineering Physics (5 Years, Bachelor and Master of Technology (Dual Degree))",2025,6,45559,46987
"J.K. Institute of Applied Physics & Technology, Department of Electronics & Communication, University of Allahabad- Allahabad","Computer Science and Engineering (4 Years, Bachelor of Technology)",2025,6,47381,47032
"National Institute of Technology, Manipur","Electrical Engineering (4 Years, Bachelor of Technology)",2025,6,47728,47146
"Sardar Vallabhbhai National Institute of Technology, Surat","Mathematics (5 Years, Integrated Master of Science)",2025,6,45094,47158
National Institute of Technology Sikkim,"Mechanical Engineering (4 Years, Bachelor of Technology)",2025,6,47070,47261
"Sardar Vallabhbhai National Institute of Technology, Surat","Physics (5 Years, Integrated Master of Science)",2025,6,43334,47277
National Institute of Technology Hamirpur,"Materials Science and Engineering (4 Years, Bachelor of Technology)",2025,6,46742,47289
"Birla Institute of Technology, Patna Off-Campus","Computer Science and Engineering (4 Years, Bachelor of Technology)",2025,6,45956,47438
"National Institute of Technology, Rourkela","Chemistry (5 Years, Integrated Master of Science)",2025,6,48289,47510
"National Institute of Technology, Rourkela","Life Science (5 Years, Integrated Master of Science)",2025,6,45442,47532
"National Institute of Technology, Srinagar","Mechanical Engineering (4 Years, Bachelor of Technology)",2025,6,47482,47572
"Birla Institute of Technology, Mesra, Ranchi","Production Engineering (4 Years, Bachelor of Technology)",2025,6,48619,47686
National Institute of Technology Durgapur,"Biotechnology (5 Years, Bachelor and Master of Technology (Dual Degree))",2025,6,47996,47694
National Institute of Technology Meghalaya,"Mechanical Engineering (4 Years, Bachelor of Technology)",2025,6,48332,48013
"Sardar Vallabhbhai National Institute of Technology, Surat","Industrial Chemistry (4 Years, Bachelor of Technology)",2025,6,46870,48185
"Central University of Rajasthan, Rajasthan","Computer Science and Engineering (4 Years, Bachelor of Technology)",2025,6,49021,48203
INDIAN INSTITUTE OF INFORMATION TECHNOLOGY SENAPATI MANIPUR,"Computer Science and Engineering with specialization in Artificial Intelligence and Data Science (4 Years, Bachelor of Technology)",2025,6,47179,48319
"Dr. B R Ambedkar National Institute of Technology, Jalandhar","Bio Technology (4 Years, Bachelor of Technology)",2025,6,47967,48332
National Institute of Technology Durgapur,"Bio Technology (4 Years, Bachelor of Technology)",2025,6,47888,48366
"National Institute of Technology, Mizoram","Electrical Engineering (4 Years, Bachelor of Technology)",2025,6,47514,48449
"National Institute of Technology, Uttarakhand","Civil Engineering (4 Years, Bachelor of Technology)",2025,6,48366,48613
National Institute of Technology Nagaland,"Electronics and Instrumentation Engineering (4 Years, Bachelor of Technology)",2025,6,47676,48619
National Institute of Technology Puducherry,"Civil Engineering (4 Years, Bachelor of Technology)",2025,6,47854,48741
Indian Institute of Information Technology Bhagalpur,"Mechatronics Engineering (4 Years, Bachelor of Technology)",2025,6,48815,48832
Indian Institute of Information Technology Bhagalpur,"Mechatronics and Automation Engineering (4 Years, Bachelor of Technology)",2025,6,47663,48858
"Indian Institute of Information Technology, Design & Manufacturing, Kancheepuram","Smart Manufacturing (4 Years, Bachelor of Technology)",2025,6,48128,48878
"Pondicherry Engineering College, Puducherry","Electronics and Instrumentation Engineering (4 Years, Bachelor of Technology)",2025,6,49645,49042
"Puducherry Technological University, Puducherry","Computer Science and Engineering (4 Years, Bachelor of Technology)",2025,6,48768,49070
"Birla Institute of Technology, Mesra, Ranchi","Chemical Engineering (Plastic and Polymer) (4 Years, Bachelor of Technology)",2025,6,50113,49096
"Punjab Engineering College, Chandigarh","Production and Industrial Engineering (4 Years, Bachelor of Technology)",2025,6,48373,49212
"Indian Institute of Engineering Science and Technology, Shibpur","Civil Engineering (4 Years, Bachelor of Technology)",2025,6,49591,49856
"Pt. Dwarka Prasad Mishra Indian Institute of Information Technology, Design & Manufacture Jabalpur","Smart Manufacturing (4 Years, Bachelor of Technology)",2025,6,49439,49968
National Institute of Technology Agartala,"Chemical Engineering (4 Years, Bachelor of Technology)",2025,6,50320,50015
"Indian Institute of Information Technology Design & Manufacturing Kurnool, Andhra Pradesh","Mechanical Engineering with specialization in Design and Manufacturing (4 Years, Bachelor of Technology)",2025,6,49886,50077
National Institute of Technology Raipur,"Metallurgical and Materials Engineering (4 Years, Bachelor of Technology)",2025,6,49080,50197
INDIAN INSTITUTE OF INFORMATION TECHNOLOGY SENAPATI MANIPUR,"Computer Science and Engineering (4 Years, Bachelor of Technology)",2025,6,50509,50219
"Birla Institute of Technology, Patna Off-Campus","Artificial Intelligence and Machine Learning (4 Years, Bachelor of Technology)",2025,6,50586,50323
"Birla Institute of Technology, Mesra, Ranchi","Chemical Engineering (4 Years, Bachelor of Technology)",2025,6,49909,50463
"National Institute of Technology, Andhra Pradesh","Civil Engineering (4 Years, Bachelor of Technology)",2025,6,50048,50479
"Assam University, Silchar","Computer Science and Engineering (4 Years, Bachelor of Technology)",2025,6,50836,50497
"National Institute of Technology, Manipur","Mechanical Engineering (4 Years, Bachelor of Technology)",2025,6,50535,50847
National Institute of Technology Meghalaya,"Civil Engineering (4 Years, Bachelor of Technology)",2025,6,49836,51015
"Indian Institute of Engineering Science and Technology, Shibpur","Metallurgy and Materials Engineering (4 Years, Bachelor of Technology)",2025,6,50256,51192
"Dr. B R Ambedkar National Institute of Technology, Jalandhar","Textile Technology (4 Years, Bachelor of Technology)",2025,6,50863,51264
"National Institute of Advanced Manufacturing Technology, Ranchi","Computer Engineering (4 Years, Bachelor of Technology)",2025,6,50906,51274
National Institute of Technology Arunachal Pradesh,"Mechanical Engineering (4 Years, Bachelor of Technology)",2025,6,50666,51296
"National Institute of Technology, Andhra Pradesh","Bio Technology (4 Years, Bachelor of Technology)",2025,6,51528,51543
National Institute of Technology Raipur,"Mining Engineering (4 Years, Bachelor of Technology)",2025,6,51623,51629
"National Institute of Technology, Srinagar","Chemical Engineering (4 Years, Bachelor of Technology)",2025,6,51760,51830
"Birla Institute of Technology, Deoghar Off-Campus","Computer Science and Engineering (4 Years, Bachelor of Technology)",2025,6,50774,51872
"National Institute of Technology, Andhra Pradesh","Metallurgical and Materials Engineering (4 Years, Bachelor of Technology)",2025,6,51428,51880
"Puducherry Technological University, Puducherry","Electronics and Instrumentation Engineering (4 Years, Bachelor of Technology)",2025,6,51227,51890
"Indian Institute of Information Technology Design & Manufacturing Kurnool, Andhra Pradesh","Mechanical Engineering (5 Years, Bachelor and Master of Technology (Dual Degree))",2025,6,50444,51983
"Pondicherry Engineering College, Puducherry","Electronics and Communication Engineering (4 Years, Bachelor of Technology)",2025,6,52850,52103
National Institute of Technology Raipur,"Bio Technology (4 Years, Bachelor of Technology)",2025,6,52108,52189
"Punjab Engineering College, Chandigarh","Civil Engineering (4 Years, Bachelor of Technology)",2025,6,51670,52190
National Institute of Technology Agartala,"Physics (5 Years, Bachelor of Science and Master of Science (Dual Degree))",2025,6,51420,52224
National Institute of Technology Sikkim,"Civil Engineering (4 Years, Bachelor of Technology)",2025,6,54266,52416
"North Eastern Regional Institute of Science and Technology, Nirjuli-791109 (Itanagar),Arunachal Pradesh","Electronics and Communication Engineering (4 Years, Bachelor of Technology)",2025,6,53699,52777
"Birla Institute of Technology, Mesra, Ranchi","Civil Engineering (4 Years, Bachelor of Technology)",2025,6,53237,52982
National Institute of Technology Nagaland,"Mechanical Engineering (4 Years, Bachelor of Technology)",2025,6,51973,53127
"Institute of Infrastructure, Technology, Research and Management-Ahmedabad","Electrical Engineering (4 Years, Bachelor of Technology)",2025,6,52503,53188
"National Institute of Technology, Mizoram","Mechanical Engineering (4 Years, Bachelor of Technology)",2025,6,52165,53197
Indian Institute of Information Technology Manipur,"Electronics and Communication Engineering (4 Years, Bachelor of Technology)",2025,6,53342,53568
Indian Institute of Information Technology Manipur,"Electronics and Communication Engineering with specialization in VLSI and Embedded Systems (4 Years, Bachelor of Technology)",2025,6,53716,53654
National Institute of Technology Agartala,"Civil Engineering (4 Years, Bachelor of Technology)",2025,6,53657,54242
"Indian Institute of Engineering Science and Technology, Shibpur","Mining Engineering (4 Years, Bachelor of Technology)",2025,6,53043,54332
National Institute of Technology Raipur,"Bio Medical Engineering (4 Years, Bachelor of Technology)",2025,6,52916,54637
"Ghani Khan Choudhary Institute of Engineering and Technology, Malda, West Bengal","Computer Science Engineering (Artificial lntelligence and Machine Learning) (4 Years, Bachelor of Technology)",2025,6,54826,54665
"North Eastern Regional Institute of Science and Technology, Nirjuli-791109 (Itanagar),Arunachal Pradesh","Computer Science and Engineering (4 Years, Bachelor of Technology)",2025,6,55764,54970
National Institute of Technology Durgapur,"Chemistry (5 Years, Integrated Master of Science)",2025,6,54181,55111
"Punjab Engineering College, Chandigarh","Metallurgical and Materials Engineering (4 Years, Bachelor of Technology)",2025,6,54239,55258
"National Institute of Technology, Srinagar","Civil Engineering (4 Years, Bachelor of Technology)",2025,6,55070,55680
"Sardar Vallabhbhai National Institute of Technology, Surat","Chemistry (5 Years, Integrated Master of Science)",2025,6,54901,56136
National Institute of Technology Arunachal Pradesh,"Civil Engineering (4 Years, Bachelor of Technology)",2025,6,55692,56269
"Birla Institute of Technology, Mesra, Ranchi","Production and Industrial Engineering (4 Years, Bachelor of Technology)",2025,6,55546,56321
National Institute of Technology Agartala,"Biotechnology and Biochemical Engineering (4 Years, Bachelor of Technology)",2025,6,55914,56328
"National Institute of Electronics and Information Technology, Aurangabad (Maharashtra)","Electronic Engineering (4 Years, Bachelor of Technology)",2025,6,54579,56400
"Puducherry Technological University, Puducherry","Electrical and Electronics Engineering (4 Years, Bachelor of Technology)",2025,6,56968,56410
"Central institute of Technology Kokrajar, Assam","Computer Science and Engineering (4 Years, Bachelor of Technology)",2025,6,58033,56460
"National Institute of Technology, Srinagar","Metallurgical and Materials Engineering (4 Years, Bachelor of Technology)",2025,6,55447,56524
"Puducherry Technological University, Puducherry","Electronics and Communication Engineering (4 Years, Bachelor of Technology)",2025,6,56014,56657
"National Institute of Technology, Mizoram","Civil Engineering (4 Years, Bachelor of Technology)",2025,6,56579,56833
Central University of Haryana,"Computer Science and Engineering (4 Years, Bachelor of Technology)",2025,6,55902,56971
"Pondicherry Engineering College, Puducherry","Mechatronics Engineering (4 Years, Bachelor of Technology)",2025,6,57381,57064
INDIAN INSTITUTE OF INFORMATION TECHNOLOGY SENAPATI MANIPUR,"Electronics and Communication Engineering with specialization in VLSI and Embedded Systems (4 Years, Bachelor of Technology)",2025,6,56550,57102
National Institute of Technology Agartala,"Production Engineering (4 Years, Bachelor of Technology)",2025,6,56865,57108
INDIAN INSTITUTE OF INFORMATION TECHNOLOGY SENAPATI MANIPUR,"Electronics and Communication Engineering (4 Years, Bachelor of Technology)",2025,6,55833,57130
"Institute of Chemical Technology, Mumbai: Indian Oil Odisha Campus, Bhubaneswar","Chemical Engineering (5 Years, Integrated Masters in Technology)",2025,6,56446,57149
"School of Engineering, Tezpur University, Napaam, Tezpur","Computer Science and Engineering (4 Years, Bachelor of Technology)",2025,6,56762,57296
National Institute of Technology Nagaland,"Civil Engineering (4 Years, Bachelor of Technology)",2025,6,57171,57305
"National Institute of Technology, Manipur","Civil Engineering (4 Years, Bachelor of Technology)",2025,6,56358,57442
"Gati Shakti Vishwavidyalaya, Vadodara","B.Tech in Artificial Intelligenece and Data Science (Transportation and Logistics) (4 Years, Bachelor of Technology)",2025,6,56220,57529
"Birla Institute of Technology, Mesra, Ranchi","Bio Technology (4 Years, Bachelor of Technology)",2025,6,57068,57556
"J.K. Institute of Applied Physics & Technology, Department of Electronics & Communication, University of Allahabad- Allahabad","Electronics and Communication Engineering (4 Years, Bachelor of Technology)",2025,6,56755,57621
"Birla Institute of Technology, Mesra, Ranchi","Physics (5 Years, Integrated Master of Science)",2025,6,55470,57682
"Institute of Technology, Guru Ghasidas Vishwavidyalaya (A Central University), Bilaspur, (C.G.)","Computer Science and Engineering (4 Years, Bachelor of Technology)",2025,6,58070,57924
"Central University of Rajasthan, Rajasthan","Electronics and Communication Engineering (4 Years, Bachelor of Technology)",2025,6,57631,57956
"Puducherry Technological University, Puducherry","Chemical Engineering (4 Years, Bachelor of Technology)",2025,6,57233,57967
"Pondicherry Engineering College, Puducherry","Chemical Engineering (4 Years, Bachelor of Technology)",2025,6,57691,58017
"Assam University, Silchar","Electronics and Communication Engineering (4 Years, Bachelor of Technology)",2025,6,58657,58210
"Birla Institute of Technology, Patna Off-Campus","Electronics and Communication Engineering (4 Years, Bachelor of Technology)",2025,6,56509,58279
National Institute of Technology Agartala,"Chemistry (5 Years, Bachelor of Science and Master of Science (Dual Degree))",2025,6,57997,58749
Sant Longowal Institute of Engineering and Technology,"Computer Science and Engineering (4 Years, Bachelor of Technology)",2025,6,58940,58981
"Puducherry Technological University, Puducherry","Mechatronics Engineering (4 Years, Bachelor of Technology)",2025,6,60203,59166
"National Institute of Electronics and Information Technology, Aurangabad (Maharashtra)","Electronics System Engineering (4 Years, Bachelor of Technology)",2025,6,59675,59202
"Central institute of Technology Kokrajar, Assam","Electronics and Communication Engineering (4 Years, Bachelor of Technology)",2025,6,60026,59633
"Birla Institute of Technology, Deoghar Off-Campus","Electrical and Electronics Engineering (4 Years, Bachelor of Technology)",2025,6,58085,59639
"North Eastern Regional Institute of Science and Technology, Nirjuli-791109 (Itanagar),Arunachal Pradesh","Electrical Engineering (4 Years, Bachelor of Technology)",2025,6,60281,59655
HNB Garhwal University Srinagar (Garhwal),"Computer Science and Engineering (4 Years, Bachelor of Technology)",2025,6,60561,59961
"Shri Mata Vaishno Devi University, Katra, Jammu & Kashmir","Computer Science and Engineering (4 Years, Bachelor of Technology)",2025,6,61593,60162
"Institute of Infrastructure, Technology, Research and Management-Ahmedabad","Mechanical Engineering (4 Years, Bachelor of Technology)",2025,6,60156,60278
"Birla Institute of Technology, Mesra, Ranchi","Food Engineering and Technology (4 Years, Bachelor of Technology)",2025,6,59904,60290
"Birla Institute of Technology, Mesra, Ranchi","Chemistry (5 Years, Integrated Master of Science)",2025,6,61455,60367
"Birla Institute of Technology, Deoghar Off-Campus","Electronics and Communication Engineering (4 Years, Bachelor of Technology)",2025,6,60736,60882
"Birla Institute of Technology, Mesra, Ranchi","Food Technology (5 Years, Integrated Master of Science)",2025,6,61954,61956
"Chhattisgarh Swami Vivekanada Technical University, Bhilai (CSVTU Bhilai)","Computer Science Engineering (Artificial Intelligence) (4 Years, B. Tech / B. Tech (Hons.))",2025,6,62904,62023
Sant Longowal Institute of Engineering and Technology,"Electronics and Communication Engineering (4 Years, Bachelor of Technology)",2025,6,63568,62420
"Birla Institute of Technology, Patna Off-Campus","Electrical and Electronics Engineering (4 Years, Bachelor of Technology)",2025,6,61655,62494
"North Eastern Regional Institute of Science and Technology, Nirjuli-791109 (Itanagar),Arunachal Pradesh","Civil Engineering (4 Years, Bachelor of Technology)",2025,6,65709,62907
"Pondicherry Engineering College, Puducherry","Mechanical Engineering (4 Years, Bachelor of Technology)",2025,6,65103,63330
HNB Garhwal University Srinagar (Garhwal),"Information Technology (4 Years, Bachelor of Technology)",2025,6,65339,63571
"North Eastern Regional Institute of Science and Technology, Nirjuli-791109 (Itanagar),Arunachal Pradesh","Agricultural Engineering (4 Years, Bachelor of Technology)",2025,6,64236,64189
"Chhattisgarh Swami Vivekanada Technical University, Bhilai (CSVTU Bhilai)","Computer Science Engineering (Data Science) (4 Years, B. Tech / B. Tech (Hons.))",2025,6,65702,64516
"Gati Shakti Vishwavidyalaya, Vadodara","B.Tech in Electronics & Communication Engineering (Rail Engineering) (4 Years, Bachelor of Technology)",2025,6,63121,64569
"National Institute of Foundry & Forge Technology, Hatia, Ranchi","Mechanical Engineering (4 Years, Bachelor of Technology)",2025,6,66727,65173
"North Eastern Regional Institute of Science and Technology, Nirjuli-791109 (Itanagar),Arunachal Pradesh","Mechanical Engineering (4 Years, Bachelor of Technology)",2025,6,65512,65286
"Institute of Engineering and Technology, Dr. H. S. Gour University. Sagar (A Central University)","Computer Science and Engineering (4 Years, Bachelor of Technology)",2025,6,63665,66016
"School of Studies of Engineering and Technology, Guru Ghasidas Vishwavidyalaya, Bilaspur","Computer Science and Engineering (4 Years, Bachelor of Technology)",2025,6,65174,66135
"National Institute of Advanced Manufacturing Technology, Ranchi","Mechanical Engineering (4 Years, Bachelor of Technology)",2025,6,63321,66377
"Central institute of Technology Kokrajar, Assam","Civil Engineering (4 Years, Bachelor of Technology)",2025,6,63539,66637
"Shri Mata Vaishno Devi University, Katra, Jammu & Kashmir","B.Tech in Mathematics and Computing (4 Years, Bachelor of Technology)",2025,6,66299,66989
"Gati Shakti Vishwavidyalaya, Vadodara","B.Tech in Aviation Engineering (4 Years, Bachelor of Technology)",2025,6,66836,67779
University of Hyderabad,"Materials Engineering (5 Years, Integrated Master of Technology)",2025,6,67449,68106
Central University of Jammu,"Computer Science and Engineering (4 Years, Bachelor of Technology)",2025,6,69094,68126
"Mizoram University, Aizawl","Computer Engineering (4 Years, Bachelor of Technology)",2025,6,68816,68212
"Puducherry Technological University, Puducherry","Mechanical Engineering (4 Years, Bachelor of Technology)",2025,6,69273,69238
"School of Engineering, Tezpur University, Napaam, Tezpur","Electronics and Communication Engineering (4 Years, Bachelor of Technology)",2025,6,69923,69618
"Institute of Infrastructure, Technology, Research and Management-Ahmedabad","Civil Engineering (4 Years, Bachelor of Technology)",2025,6,71301,70011
"Birla Institute of Technology, Patna Off-Campus","Mechanical Engineering (4 Years, Bachelor of Technology)",2025,6,68874,70140
"Institute of Technology, Guru Ghasidas Vishwavidyalaya (A Central University), Bilaspur, (C.G.)","Information Technology (4 Years, Bachelor of Technology)",2025,6,71089,70512
"Gati Shakti Vishwavidyalaya, Vadodara","B.Tech in Electrical Engineering ( Rail Engineering) (4 Years, Bachelor of Technology)",2025,6,69506,70945
"Gurukula Kangri Vishwavidyalaya, Haridwar","Computer Science and Engineering (4 Years, Bachelor of Technology)",2025,6,72273,70954
"Birla Institute of Technology, Deoghar Off-Campus","Mechanical Engineering (4 Years, Bachelor of Technology)",2025,6,68851,71608
"Mizoram University, Aizawl","Information Technology (4 Years, Bachelor of Technology)",2025,6,71045,71695
"North-Eastern Hill University, Shillong","Information Technology (4 Years, Bachelor of Technology)",2025,6,74395,71718
HNB Garhwal University Srinagar (Garhwal),"Electronics and Communication Engineering (4 Years, Bachelor of Technology)",2025,6,72289,72196
Central University of Jammu,"Electronics and Communication Engineering (Avionics) (4 Years, Bachelor of Technology)",2025,6,74325,72235
Central University of Haryana,"Electrical Engineering (4 Years, Bachelor of Technology)",2025,6,73646,72838
"School of Engineering, Tezpur University, Napaam, Tezpur","Electrical Engineering (4 Years, Bachelor of Technology)",2025,6,72639,73834
Central University of Jammu,"Computer Science and Engineering with specialization in Cyber Security (4 Years, Bachelor of Technology)",2025,6,73171,74334
"Central institute of Technology Kokrajar, Assam","Instrumentation Engineering (4 Years, Bachelor of Technology)",2025,6,75537,74604
"National Institute of Foundry & Forge Technology, Hatia, Ranchi","Metallurgy and Materials Engineering (4 Years, Bachelor of Technology)",2025,6,75344,75024
"Birla Institute of Technology, Patna Off-Campus","Civil Engineering (4 Years, Bachelor of Technology)",2025,6,73960,75322
"Institute of Technology, Guru Ghasidas Vishwavidyalaya (A Central University), Bilaspur, (C.G.)","Electronics and Communication Engineering (4 Years, Bachelor of Technology)",2025,6,76503,75718
"Shri Mata Vaishno Devi University, Katra, Jammu & Kashmir","Electronics and Communication Engineering (4 Years, Bachelor of Technology)",2025,6,75947,76483
"Institute of Engineering and Technology, Dr. H. S. Gour University. Sagar (A Central University)","Aeronautical Engineering (4 Years, Bachelor of Technology)",2025,6,76456,76786
"School of Studies of Engineering and Technology, Guru Ghasidas Vishwavidyalaya, Bilaspur","Information Technology (4 Years, Bachelor of Technology)",2025,6,77321,76903
"Central University of Rajasthan, Rajasthan","Bio Medical Engineering (4 Years, Bachelor of Technology)",2025,6,76993,77082
"Pondicherry Engineering College, Puducherry","Civil Engineering (4 Years, Bachelor of Technology)",2025,6,76052,77195
"National Institute of Advanced Manufacturing Technology, Ranchi","Metallurgy and Materials Engineering (4 Years, Bachelor of Technology)",2025,6,76992,77217
"Assam University, Silchar","Agricultural Engineering (4 Years, Bachelor of Technology)",2025,6,73418,77234
Sant Longowal Institute of Engineering and Technology,"Electrical Engineering (4 Years, Bachelor of Technology)",2025,6,79475,77407
"Institute of Engineering and Technology, Dr. H. S. Gour University. Sagar (A Central University)","Electronics and Communication Engineering (4 Years, Bachelor of Technology)",2025,6,78073,77960
"National Institute of Advanced Manufacturing Technology, Ranchi","Production and Industrial Engineering (4 Years, Bachelor of Technology)",2025,6,77460,78087
"Puducherry Technological University, Puducherry","Civil Engineering (4 Years, Bachelor of Technology)",2025,6,78491,78303
"Gati Shakti Vishwavidyalaya, Vadodara","B.Tech in Mechanical Engineering ( Rail Engineering) (4 Years, Bachelor of Technology)",2025,6,74076,78552
Central University of Jammu,"Electronics and Communication Engineering (4 Years, Bachelor of Technology)",2025,6,78192,78691
CU Jharkhand,"Integrated B. Tech. - M. Tech in Computer Science & Engineering (5 Years, Integrated B. Tech. and M. Tech.)",2025,6,79221,79064
"North-Eastern Hill University, Shillong","Electronics and Communication Engineering (4 Years, Bachelor of Technology)",2025,6,79951,79307
"School of Studies of Engineering and Technology, Guru Ghasidas Vishwavidyalaya, Bilaspur","Electronics and Communication Engineering (4 Years, Bachelor of Technology)",2025,6,79290,79397
"Gurukula Kangri Vishwavidyalaya, Haridwar","Electrical Engineering (4 Years, Bachelor of Technology)",2025,6,78861,79537
"Mizoram University, Aizawl","Electronics and Communication Engineering (4 Years, Bachelor of Technology)",2025,6,79337,79741
HNB Garhwal University Srinagar (Garhwal),"Mechanical Engineering (4 Years, Bachelor of Technology)",2025,6,80106,80283
"Gurukula Kangri Vishwavidyalaya, Haridwar","Electronics and Communication Engineering (4 Years, Bachelor of Technology)",2025,6,82972,80491
HNB Garhwal University Srinagar (Garhwal),"Electrical and Instrumentation Engineering (4 Years, Bachelor of Technology)",2025,6,81013,80865
"Shri Mata Vaishno Devi University, Katra, Jammu & Kashmir","Electrical Engineering (4 Years, Bachelor of Technology)",2025,6,81774,80942
"Institute of Technology, Guru Ghasidas Vishwavidyalaya (A Central University), Bilaspur, (C.G.)","Chemical Engineering (4 Years, Bachelor of Technology)",2025,6,81167,80988
"Ghani Khan Choudhary Institute of Engineering and Technology, Malda, West Bengal","Electrical Engineering (4 Years, Bachelor of Technology)",2025,6,82676,81498
"Central institute of Technology Kokrajar, Assam","Food Engineering and Technology (4 Years, Bachelor of Technology)",2025,6,80446,82285
"School of Engineering, Tezpur University, Napaam, Tezpur","Mechanical Engineering (4 Years, Bachelor of Technology)",2025,6,81609,82516
"Mizoram University, Aizawl","Electrical Engineering (4 Years, Bachelor of Technology)",2025,6,84299,83851
Sant Longowal Institute of Engineering and Technology,"Civil Engineering (4 Years, Bachelor of Technology)",2025,6,81582,83985
Central University of Haryana,"Civil Engineering (4 Years, Bachelor of Technology)",2025,6,88343,84208
"Ghani Khan Choudhary Institute of Engineering and Technology, Malda, West Bengal","Mechanical Engineering (4 Years, Bachelor of Technology)",2025,6,83761,84250
Sant Longowal Institute of Engineering and Technology,"Physics (5 Years, Integrated Master of Science)",2025,6,85605,85163
"Institute of Technology, Guru Ghasidas Vishwavidyalaya (A Central University), Bilaspur, (C.G.)","Civil Engineering (4 Years, Bachelor of Technology)",2025,6,85821,85836
"National Institute of Food Technology, Entrepreneurship and Management (NIFTEM) - Thanjavur","Food Technology (4 Years, Bachelor of Technology)",2025,6,86239,86077
"North-Eastern Hill University, Shillong","Energy Engineering (4 Years, Bachelor of Technology)",2025,6,86765,86416
"lndian Institute of Food Processing Technology, Thanjavur, Tamil Naidu.","Food Technology (4 Years, Bachelor of Technology)",2025,6,88001,87244
"Shri Mata Vaishno Devi University, Katra, Jammu & Kashmir","Mechanical Engineering (4 Years, Bachelor of Technology)",2025,6,89898,87273
"Shri Mata Vaishno Devi University, Katra, Jammu & Kashmir","Bio Technology (4 Years, Bachelor of Technology)",2025,6,88532,88244
Sant Longowal Institute of Engineering and Technology,"Instrumentation and Control Engineering (4 Years, Bachelor of Technology)",2025,6,89448,88693
"National Institute of Food Technology Entrepreneurship and Management, Thanjavur","Food Technology (4 Years, Bachelor of Technology)",2025,6,95412,88787
"Institute of Technology, Guru Ghasidas Vishwavidyalaya (A Central University), Bilaspur, (C.G.)","Mechanical Engineering (4 Years, Bachelor of Technology)",2025,6,89493,88845
Sant Longowal Institute of Engineering and Technology,"Chemical Engineering (4 Years, Bachelor of Technology)",2025,6,92779,88960
"Gati Shakti Vishwavidyalaya, Vadodara","B.Tech in Civil Engineering (Rail Engineering) (4 Years, Bachelor of Technology)",2025,6,86943,90181
"National Institute of Food Technology Entrepreneurship and Management, Sonepat, Haryana","Food Technology and Management (4 Years, Bachelor of Technology)",2025,6,91348,90657
"School of Studies of Engineering and Technology, Guru Ghasidas Vishwavidyalaya, Bilaspur","Electrical Engineering (4 Years, Bachelor of Technology)",2025,6,90411,90738
"North-Eastern Hill University, Shillong","Biomedical Engineering (4 Years, Bachelor of Technology)",2025,6,94373,91032
Sant Longowal Institute of Engineering and Technology,"Mechanical Engineering (4 Years, Bachelor of Technology)",2025,6,94248,92631
Sant Longowal Institute of Engineering and Technology,"Mathematics (5 Years, Integrated Master of Science)",2025,6,90733,92762
"Ghani Khan Choudhary Institute of Engineering and Technology, Malda, West Bengal","Civil and Environmental Engineering (4 Years, Bachelor of Technology)",2025,6,96049,93568
CU Jharkhand,"Integrated B. Tech. - M. Tech in Electrical Engineering (5 Years, Integrated B. Tech. and M. Tech.)",2025,6,92728,94538
"National Institute of Food Technology Entrepreneurship and Management, Kundli","Food Technology and Management (4 Years, Bachelor of Technology)",2025,6,106292,94601
"School of Engineering, Tezpur University, Napaam, Tezpur","Bachelor of Design (4 Years, Bachelor of Design)",2025,6,90552,95033
"School of Engineering, Tezpur University, Napaam, Tezpur","Civil Engineering (4 Years, Bachelor of Technology)",2025,6,96305,95362
"Indian Institute of Handloom Technology(IIHT), Varanasi","Handloom and Textile Technology (4 Years, Bachelor of Technology)",2025,6,102843,95636
"Shri Mata Vaishno Devi University, Katra, Jammu & Kashmir","Civil Engineering (4 Years, Bachelor of Technology)",2025,6,96085,95988
"Gurukula Kangri Vishwavidyalaya, Haridwar","Mechanical Engineering (4 Years, Bachelor of Technology)",2025,6,97236,96013
"School of Studies of Engineering and Technology, Guru Ghasidas Vishwavidyalaya, Bilaspur","Mechanical Engineering (4 Years, Bachelor of Technology)",2025,6,96985,96269
"Ghani Khan Choudhary Institute of Engineering and Technology, Malda, West Bengal","Food Technology (4 Years, Bachelor of Technology)",2025,6,105533,96413
"Mizoram University, Aizawl","Civil Engineering (4 Years, Bachelor of Technology)",2025,6,97624,97041
Central University of Haryana,"Printing and Packaging Technology (4 Years, Bachelor of Technology)",2025,6,96179,97348
"School of Engineering, Tezpur University, Napaam, Tezpur","Food Engineering and Technology (4 Years, Bachelor of Technology)",2025,6,109043,97370
"Chhattisgarh Swami Vivekanada Technical University, Bhilai (CSVTU Bhilai)","Civil Engineering (4 Years, Bachelor of Technology)",2025,6,97484,97537
"Indian Institute of Handloom Technology, Salem","Handloom and Textile Technology (4 Years, Bachelor of Technology)",2025,6,105409,97555
"School of Studies of Engineering and Technology, Guru Ghasidas Vishwavidyalaya, Bilaspur","Chemical Engineering (4 Years, Bachelor of Technology)",2025,6,98991,97829
"Institute of Technology, Guru Ghasidas Vishwavidyalaya (A Central University), Bilaspur, (C.G.)","Industrial and Production Engineering (4 Years, Bachelor of Technology)",2025,6,98262,98023
"Institute of Engineering and Technology, Dr. H. S. Gour University. Sagar (A Central University)","Dairy Engineering (4 Years, Bachelor of Technology)",2025,6,110311,98052
"Institute of Engineering and Technology, Dr. H. S. Gour University. Sagar (A Central University)","Fashion and Apparel Engineering (4 Years, Bachelor of Technology)",2025,6,108526,98186
"Indian Institute of Carpet Technology, Bhadohi","Carpet and Textile Technology (4 Years, Bachelor of Technology)",2025,6,108746,98373
Sant Longowal Institute of Engineering and Technology,"Chemistry (5 Years, Integrated Master of Science)",2025,6,98731,98457
"School of Studies of Engineering and Technology, Guru Ghasidas Vishwavidyalaya, Bilaspur","Civil Engineering (4 Years, Bachelor of Technology)",2025,6,100745,98746
Sant Longowal Institute of Engineering and Technology,"Food Technology (4 Years, Bachelor of Technology)",2025,6,110525,98818
"Institute of Engineering and Technology, Dr. H. S. Gour University. Sagar (A Central University)","Food Engineering and Technology (4 Years, Bachelor of Technology)",2025,6,113756,99339
"School of Studies of Engineering and Technology, Guru Ghasidas Vishwavidyalaya, Bilaspur","Industrial and Production Engineering (4 Years, Bachelor of Technology)",2025,6,110158,100241
CU Jharkhand,"Integrated B. Tech. - M. Tech in Civil Engineering (5 Years, Integrated B. Tech. and M. Tech.)",2025,6,110858,100353
CU Jharkhand,"Integrated B. Tech.- M. Tech in Metallurgical & Materials Engineering (5 Years, Integrated B. Tech. and M. Tech.)",2025,6,111567,101390
